<!-- <?xml version="1.0" encoding="UTF-8"?>
<beans xmlns="http://www.springframework.org/schema/beans"  
    xmlns:xsi="http://www.w3.org/2001/XMLSchema-instance" 
    xmlns:context="http://www.springframework.org/schema/context"   
    xmlns:mvc="http://www.springframework.org/schema/mvc" 
    xmlns:tx="http://www.springframework.org/schema/tx"
    xsi:schemaLocation="http://www.springframework.org/schema/mvc     
    http://www.springframework.org/schema/mvc/spring-mvc-3.0.xsd  
http://www.springframework.org/schema/beans  
http://www.springframework.org/schema/beans/spring-beans-3.0.xsd  
http://www.springframework.org/schema/context  
http://www.springframework.org/schema/context/spring-context-3.0.xsd
http://www.springframework.org/schema/tx  
http://www.springframework.org/schema/tx/spring-tx-3.0.xsd"> -->

<beans xmlns="http://www.springframework.org/schema/beans"
	xmlns:xsi="http://www.w3.org/2001/XMLSchema-instance" xmlns:aop="http://www.springframework.org/schema/aop"
	xmlns:context="http://www.springframework.org/schema/context" xmlns:tx="http://www.springframework.org/schema/tx"
	xmlns:mvc="http://www.springframework.org/schema/mvc"
	xsi:schemaLocation="http://www.springframework.org/schema/mvc     
    http://www.springframework.org/schema/mvc/spring-mvc-3.0.xsd  
http://www.springframework.org/schema/beans  
http://www.springframework.org/schema/beans/spring-beans-3.0.xsd  
http://www.springframework.org/schema/aop 
http://www.springframework.org/schema/aop/spring-aop-3.0.xsd 
http://www.springframework.org/schema/context  
http://www.springframework.org/schema/context/spring-context-3.0.xsd  
http://www.springframework.org/schema/tx  
http://www.springframework.org/schema/tx/spring-tx-3.0.xsd">

<context:component-scan base-package="com.nucleus"/>

<!-- bean id="messageSource" class="org.springframework.context.support.ReloadableResourceBundleMessageSource">
<property name="basenames">
<list>
<value>/WEB-INF/error_messages/errmsg1</value>
<value>/WEB-INF/labels/customer1</value>
</list>
</property>
</bean>
 -->
 <bean id="messageSource"
		class="org.springframework.context.support.ReloadableResourceBundleMessageSource">
		<property name="basename" value="messages" />
		<property name="defaultEncoding" value="UTF-8"/>
	</bean>


	<bean id="localeChangeInterceptor"
		class="org.springframework.web.servlet.i18n.LocaleChangeInterceptor">
		<property name="paramName" value="lang" />
	</bean>

	<bean id="localeResolver"
		class="org.springframework.web.servlet.i18n.CookieLocaleResolver">
		<property name="defaultLocale" value="en"/>
	</bean>

	<bean id="handlerMapping"
		class="org.springframework.web.servlet.mvc.annotation.DefaultAnnotationHandlerMapping">
		<property name="interceptors">
			<ref bean="localeChangeInterceptor" />
		</property>
	</bean>
	

<bean id="vResolver" class="org.springframework.web.servlet.view.InternalResourceViewResolver">
<property name="prefix" value="/WEB-INF/view/"/>
<property name="suffix" value=".jsp"/>
</bean>
<mvc:annotation-driven/>


<aop:aspectj-autoproxy>
        <aop:include name="AopLogger"/>
    </aop:aspectj-autoproxy>

    <bean id="AopLogger" class="com.nucleus.aop.AopLogger"/>
    
<mvc:resources mapping="/resources/**" location="/resources/css/"/>
<!-- <mvc:resources mapping="/resources/**" location="/resources/javascript/"/>
 --><!-- <bean id="ph" class="org.springframework.beans.factory.config.PropertyPlaceholderConfigurer">
<property name="locations">
<list>
<value>/WEB-INF/propertyfiles/datasource.properties/</value>
</list>
</property>
</bean>
 -->

<!-- <bean id="ds" class="org.springframework.jdbc.datasource.DriverManagerDataSource">
<property name="driverClassName" value="com.mysql.jdbc.Driver"/>
<property name="url" value="jdbc:mysql://localhost:3306/maker"/>
<property name="username" value="root"/>
<property name="password" value="admin"/>
</bean> -->



	
<bean id="ds" class="org.springframework.jdbc.datasource.DriverManagerDataSource">
<property name="driverClassName" value="oracle.jdbc.driver.OracleDriver"/>
<property name="url" value="jdbc:oracle:thin:@10.1.50.198:1521:orcl"/>
<property name="username" value="sh"/>
<property name="password" value="sh"/>
</bean>

<bean id="jdbcTemplate" class="org.springframework.jdbc.core.JdbcTemplate">
<property name="dataSource" ref="ds"/>
</bean>

 <!-- Hibernate 4 SessionFactory Bean definition -->    
<bean id="sessionFactory"
        class="org.springframework.orm.hibernate4.LocalSessionFactoryBean">
        <property name="dataSource" ref="ds" />
        <property name="annotatedClasses">
            <list>
                <value>com.nucleus.model.Customer</value> 
                <value>com.nucleus.model.User</value>
                <value>com.nucleus.model.Role</value>              
            </list>
        </property>
        <property name="hibernateProperties">
            <props>
                <prop key="hibernate.dialect">org.hibernate.dialect.Oracle10gDialect</prop>              
                <prop key="hibernate.show_sql">true</prop>        
                  <prop key="hibernate.hbm2ddl.auto">update</prop>            
                   
            </props>
        </property>
    </bean>
    <bean id="transactionManager" class="org.springframework.orm.hibernate4.HibernateTransactionManager">
    <property name="sessionFactory" ref="sessionFactory"/> 
</bean>
 
 <tx:annotation-driven transaction-manager="transactionManager"/>
</beans>